Ref,Val,Package,PosX,PosY,Rot,Side
"C4","100n","C_0603_1608Metric_Pad1.08x0.95mm_HandSolder",63.000000,-144.350000,0.000000,bottom
"C5","1u","C_0603_1608Metric_Pad1.08x0.95mm_HandSolder",45.687500,-165.500000,180.000000,bottom
"C6","4u7","C_0603_1608Metric_Pad1.08x0.95mm_HandSolder",63.000000,-142.350000,0.000000,bottom
"C7","1u","C_0603_1608Metric_Pad1.08x0.95mm_HandSolder",45.650000,-156.750000,180.000000,bottom
"C8","100n","C_0603_1608Metric_Pad1.08x0.95mm_HandSolder",66.300000,-143.212500,90.000000,bottom
"C9","100n","C_0603_1608Metric_Pad1.08x0.95mm_HandSolder",56.800000,-143.500000,90.000000,bottom
"C10","1u","C_0603_1608Metric_Pad1.08x0.95mm_HandSolder",45.650000,-148.500000,180.000000,bottom
"C11","1u","C_0603_1608Metric_Pad1.08x0.95mm_HandSolder",45.700000,-140.350000,180.000000,bottom
"C40","100n","C_0603_1608Metric_Pad1.08x0.95mm_HandSolder",70.600000,-145.250000,0.000000,bottom
"C49","100n","C_0603_1608Metric_Pad1.08x0.95mm_HandSolder",74.150000,-150.650000,90.000000,bottom
"C58","100n","C_0603_1608Metric_Pad1.08x0.95mm_HandSolder",77.900000,-145.250000,0.000000,bottom
"C59","100n","C_0603_1608Metric_Pad1.08x0.95mm_HandSolder",74.250000,-145.250000,0.000000,bottom
"D2","BAT54W","SOT-323_SC-70",63.200000,-135.850000,180.000000,bottom
"D20","ESD9B3.3ST5G","D_SOD-923",65.780000,-134.400000,180.000000,bottom
"D21","ESD9B3.3ST5G","D_SOD-923",65.777500,-133.150000,180.000000,bottom
"D22","ESD9B3.3ST5G","D_SOD-923",65.777500,-131.900000,180.000000,bottom
"D23","ESD9B3.3ST5G","D_SOD-923",65.777500,-130.650000,180.000000,bottom
"D24","ESD9B3.3ST5G","D_SOD-923",65.777500,-136.900000,180.000000,bottom
"D25","ESD9B3.3ST5G","D_SOD-923",65.777500,-135.650000,180.000000,bottom
"D26","BAT54W","SOT-323_SC-70",63.200000,-138.450000,0.000000,bottom
"D27","BAT54W","SOT-323_SC-70",63.200000,-133.200000,0.000000,bottom
"D29","BAT54W","SOT-323_SC-70",70.800000,-142.750000,90.000000,bottom
"D32","BAT54W","SOT-323_SC-70",76.500000,-150.750000,-90.000000,bottom
"D34","BAT54W","SOT-323_SC-70",78.050000,-142.800000,90.000000,bottom
"D35","BAT54W","SOT-323_SC-70",74.450000,-142.750000,90.000000,bottom
"F1","25mA","Fuse_1206_3216Metric_Pad1.42x1.75mm_HandSolder",42.400000,-166.250000,90.000000,bottom
"F3","25mA","Fuse_1206_3216Metric_Pad1.42x1.75mm_HandSolder",42.400000,-157.250000,90.000000,bottom
"F5","25mA","Fuse_1206_3216Metric_Pad1.42x1.75mm_HandSolder",42.350000,-149.000000,90.000000,bottom
"F6","25mA","Fuse_1206_3216Metric_Pad1.42x1.75mm_HandSolder",42.350000,-140.950000,90.000000,bottom
"R8","100r","R_0603_1608Metric_Pad0.98x0.95mm_HandSolder",45.687500,-167.750000,180.000000,bottom
"R9","1k","R_0603_1608Metric_Pad0.98x0.95mm_HandSolder",59.500000,-140.900000,180.000000,bottom
"R14","100r","R_0603_1608Metric_Pad0.98x0.95mm_HandSolder",45.650000,-158.750000,180.000000,bottom
"R17","100r","R_0603_1608Metric_Pad0.98x0.95mm_HandSolder",45.650000,-150.500000,180.000000,bottom
"R20","100r","R_0603_1608Metric_Pad0.98x0.95mm_HandSolder",45.700000,-142.450000,180.000000,bottom
"R21","4.7k","R_0603_1608Metric_Pad0.98x0.95mm_HandSolder",60.100000,-160.800000,180.000000,bottom
"R22","4.7k","R_0603_1608Metric_Pad0.98x0.95mm_HandSolder",60.100000,-158.600000,180.000000,bottom
"R34","1k","R_0603_1608Metric_Pad0.98x0.95mm_HandSolder",121.400000,-73.650000,180.000000,bottom
"R48","100r","R_0603_1608Metric_Pad0.98x0.95mm_HandSolder",59.500000,-132.850000,0.000000,bottom
"R49","100r","R_0603_1608Metric_Pad0.98x0.95mm_HandSolder",59.500000,-130.950000,0.000000,bottom
"R50","100r","R_0603_1608Metric_Pad0.98x0.95mm_HandSolder",59.500000,-129.050000,0.000000,bottom
"R51","100r","R_0603_1608Metric_Pad0.98x0.95mm_HandSolder",59.500000,-136.550000,0.000000,bottom
"R53","100r","R_0603_1608Metric_Pad0.98x0.95mm_HandSolder",59.500000,-138.450000,0.000000,bottom
"R54","100r","R_0603_1608Metric_Pad0.98x0.95mm_HandSolder",59.487500,-134.700000,0.000000,bottom
"R56","1k","R_0603_1608Metric_Pad0.98x0.95mm_HandSolder",121.250000,-148.400000,180.000000,bottom
"R67","1k","R_0603_1608Metric_Pad0.98x0.95mm_HandSolder",121.350000,-97.300000,180.000000,bottom
"R78","1k","R_0603_1608Metric_Pad0.98x0.95mm_HandSolder",121.350000,-122.725000,180.000000,bottom
"U2","STM32G030K6Tx","LQFP-32_7x7mm_P0.8mm",63.000000,-151.850000,-90.000000,bottom
"Y1","HSO321S 16MHZ 3.3V","Oscillator_SMD_EuroQuartz_XO32-4Pin_3.2x2.5mm",59.425000,-143.625000,180.000000,bottom
"C13","100n","C_0603_1608Metric_Pad1.08x0.95mm_HandSolder",85.350000,-81.085000,90.000000,top
"C14","4u7","C_0603_1608Metric_Pad1.08x0.95mm_HandSolder",83.450000,-81.085000,90.000000,top
"C15","100n","C_0603_1608Metric_Pad1.08x0.95mm_HandSolder",97.100000,-83.700000,-90.000000,top
"C16","2u2","C_0603_1608Metric_Pad1.08x0.95mm_HandSolder",57.500000,-129.900000,180.000000,top
"C17","1u","C_0603_1608Metric_Pad1.08x0.95mm_HandSolder",57.600000,-121.400000,180.000000,top
"C18","100n","C_0603_1608Metric_Pad1.08x0.95mm_HandSolder",85.200000,-155.835000,90.000000,top
"C19","22u","C_Radial_D6.3mm_H7.0mm_P2.50mm",124.550000,-91.150000,0.000000,top
"C20","100u","CP_Radial_D8.0mm_P3.50mm",116.552651,-89.650000,180.000000,top
"C21","100n","C_0603_1608Metric_Pad1.08x0.95mm_HandSolder",119.250000,-74.350000,90.000000,top
"C22","1u","C_0603_1608Metric_Pad1.08x0.95mm_HandSolder",104.900000,-146.550000,0.000000,top
"C23","330p","C_0603_1608Metric_Pad1.08x0.95mm_HandSolder",75.400000,-156.400000,0.000000,top
"C24","100n","C_0603_1608Metric_Pad1.08x0.95mm_HandSolder",72.250000,-163.000000,0.000000,top
"C25","100n","C_0603_1608Metric_Pad1.08x0.95mm_HandSolder",70.350000,-153.250000,180.000000,top
"C26","330p","C_0603_1608Metric_Pad1.08x0.95mm_HandSolder",75.295000,-160.862500,-90.000000,top
"C27","330p","C_0603_1608Metric_Pad1.08x0.95mm_HandSolder",64.100000,-162.300000,-90.000000,top
"C28","330p","C_0603_1608Metric_Pad1.08x0.95mm_HandSolder",61.600000,-156.750000,180.000000,top
"C29","100u","CP_Radial_D8.0mm_P3.50mm",68.252651,-101.600000,180.000000,top
"C30","DNP","C_0603_1608Metric_Pad1.08x0.95mm_HandSolder",120.450000,-92.150000,-90.000000,top
"C31","100u","CP_Radial_D8.0mm_P3.50mm",68.252651,-91.200000,180.000000,top
"C32","100u","CP_Radial_D8.0mm_P3.50mm",68.252651,-81.200000,180.000000,top
"C33","4u7","C_0603_1608Metric_Pad1.08x0.95mm_HandSolder",83.300000,-155.835000,90.000000,top
"C34","1u","C_0603_1608Metric_Pad1.08x0.95mm_HandSolder",106.650000,-73.450000,0.000000,top
"C35","100n","C_0603_1608Metric_Pad1.08x0.95mm_HandSolder",96.950000,-158.450000,-90.000000,top
"C36","DNP","C_0603_1608Metric_Pad1.08x0.95mm_HandSolder",120.300000,-166.900000,-90.000000,top
"C37","22u","C_Radial_D6.3mm_H7.0mm_P2.50mm",124.400000,-165.900000,0.000000,top
"C38","100u","CP_Radial_D8.0mm_P3.50mm",116.402651,-164.400000,180.000000,top
"C39","100n","C_0603_1608Metric_Pad1.08x0.95mm_HandSolder",119.100000,-149.100000,90.000000,top
"C41","100n","C_0603_1608Metric_Pad1.08x0.95mm_HandSolder",85.300000,-104.735000,90.000000,top
"C42","4u7","C_0603_1608Metric_Pad1.08x0.95mm_HandSolder",83.400000,-104.735000,90.000000,top
"C43","1u","C_0603_1608Metric_Pad1.08x0.95mm_HandSolder",105.000000,-95.500000,0.000000,top
"C44","100n","C_0603_1608Metric_Pad1.08x0.95mm_HandSolder",97.050000,-107.350000,-90.000000,top
"C45","DNP","C_0603_1608Metric_Pad1.08x0.95mm_HandSolder",120.400000,-115.800000,-90.000000,top
"C46","22u","C_Radial_D6.3mm_H7.0mm_P2.50mm",124.500000,-114.800000,0.000000,top
"C47","100u","CP_Radial_D8.0mm_P3.50mm",116.502651,-113.300000,180.000000,top
"C48","100n","C_0603_1608Metric_Pad1.08x0.95mm_HandSolder",119.200000,-98.000000,90.000000,top
"C50","100n","C_0603_1608Metric_Pad1.08x0.95mm_HandSolder",85.300000,-130.160000,90.000000,top
"C51","4u7","C_0603_1608Metric_Pad1.08x0.95mm_HandSolder",83.400000,-130.160000,90.000000,top
"C52","1u","C_0603_1608Metric_Pad1.08x0.95mm_HandSolder",105.000000,-120.850000,0.000000,top
"C53","100n","C_0603_1608Metric_Pad1.08x0.95mm_HandSolder",97.050000,-132.775000,-90.000000,top
"C54","DNP","C_0603_1608Metric_Pad1.08x0.95mm_HandSolder",120.400000,-141.225000,-90.000000,top
"C55","22u","C_Radial_D6.3mm_H7.0mm_P2.50mm",124.500000,-140.225000,0.000000,top
"C56","100u","CP_Radial_D8.0mm_P3.50mm",116.502651,-138.725000,180.000000,top
"C57","100n","C_0603_1608Metric_Pad1.08x0.95mm_HandSolder",119.200000,-123.425000,90.000000,top
"D1","BZT52C10","D_SOD-123F",52.750000,-121.400000,180.000000,top
"D3","ESD9B3.3ST5G","D_SOD-923",52.250000,-164.250000,0.000000,top
"D4","ESD9B3.3ST5G","D_SOD-923",52.250000,-155.250000,0.000000,top
"D5","ESD9B3.3ST5G","D_SOD-923",52.250000,-165.750000,0.000000,top
"D6","SS14","D_SMA",94.650000,-79.650000,180.000000,top
"D7","ESD9B3.3ST5G","D_SOD-923",52.250000,-147.000000,0.000000,top
"D8","ESD9B3.3ST5G","D_SOD-923",52.250000,-156.750000,0.000000,top
"D9","ESD9B3.3ST5G","D_SOD-923",52.250000,-139.000000,0.000000,top
"D10","SS14","D_SMA",94.500000,-154.400000,180.000000,top
"D11","ESD9B3.3ST5G","D_SOD-923",52.080000,-140.500000,0.000000,top
"D12","LED","LED_0805_2012Metric_Pad1.15x1.40mm_HandSolder",62.500000,-124.500000,180.000000,top
"D13","LED","LED_0805_2012Metric_Pad1.15x1.40mm_HandSolder",62.525000,-131.500000,180.000000,top
"D14","LED","LED_0805_2012Metric_Pad1.15x1.40mm_HandSolder",129.350000,-74.450000,180.000000,top
"D15","ESD9B3.3ST5G","D_SOD-923",52.250000,-148.500000,0.000000,top
"D16","LED","LED_0805_2012Metric_Pad1.15x1.40mm_HandSolder",129.200000,-149.200000,180.000000,top
"D17","SS14","D_SMA",94.600000,-103.300000,180.000000,top
"D18","LED","LED_0805_2012Metric_Pad1.15x1.40mm_HandSolder",129.300000,-98.100000,180.000000,top
"D19","SS14","D_SMA",94.600000,-128.725000,180.000000,top
"D31","LED","LED_0805_2012Metric_Pad1.15x1.40mm_HandSolder",129.300000,-123.525000,180.000000,top
"F2","5A","Fuse_1206_3216Metric",101.549962,-73.750000,0.000000,top
"F4","3555-2","FUSE_3555-2",46.000000,-102.500000,-90.000000,top
"F7","5A","Fuse_1206_3216Metric",101.399962,-148.500000,0.000000,top
"F8","5A","Fuse_1206_3216Metric",101.499962,-97.400000,0.000000,top
"F9","5A","Fuse_1206_3216Metric",101.499962,-122.825000,0.000000,top
"J3","Conn_01x04_Pin","JST_GH_BM04B-GHS-TBT_1x04-1MP_P1.25mm_Vertical",46.000000,-166.500000,180.000000,top
"J4","Conn_01x04_Pin","JST_GH_BM04B-GHS-TBT_1x04-1MP_P1.25mm_Vertical",46.000000,-157.500000,180.000000,top
"J5","Conn_01x04_Pin","JST_GH_BM04B-GHS-TBT_1x04-1MP_P1.25mm_Vertical",46.000000,-149.250000,180.000000,top
"J6","Conn_01x04_Pin","JST_GH_BM04B-GHS-TBT_1x04-1MP_P1.25mm_Vertical",46.000000,-141.250000,180.000000,top
"J7","Wire_Solder_2Pin","Wire_Solder_2Pin_12-14AWG_P10mm_D3.0mm",55.500000,-77.500000,180.000000,top
"J8","Wire_Solder_2Pin","Wire_Solder_2Pin_12-14AWG_P10mm_D3.0mm",133.950000,-90.750000,90.000000,top
"J9","Conn_01x07_Socket","Hirose_DF13-07P-1.25DSA_1x07_P1.25mm_Vertical",68.150000,-129.400000,-90.000000,top
"J10","Wire_Solder_2Pin","Wire_Solder_2Pin_12-14AWG_P10mm_D3.0mm",133.800000,-165.500000,90.000000,top
"J11","Wire_Solder_2Pin","Wire_Solder_2Pin_12-14AWG_P10mm_D3.0mm",133.900000,-114.400000,90.000000,top
"J12","Wire_Solder_2Pin","Wire_Solder_2Pin_12-14AWG_P10mm_D3.0mm",133.900000,-139.825000,90.000000,top
"L4","1u","L_Changjiang_FXL0630",115.425000,-80.750000,0.000000,top
"L5","1u","L_Changjiang_FXL0630",115.275000,-155.500000,0.000000,top
"L6","1u","L_Changjiang_FXL0630",115.375000,-104.400000,0.000000,top
"L7","1u","L_Changjiang_FXL0630",115.375000,-129.825000,0.000000,top
"Q4","DOD40P03","DOD40P03_TO-252_Q_PMOS_DGS",55.000000,-109.400000,0.000000,top
"Q5","NVMFS5C468NL-HXY","NVMFS5C468NL-HXY",102.184962,-88.550000,90.000000,top
"Q6","NVMFS5C468NL-HXY","NVMFS5C468NL-HXY",101.914962,-79.525000,90.000000,top
"Q7","NVMFS5C468NL-HXY","NVMFS5C468NL-HXY",101.764962,-154.275000,90.000000,top
"Q8","NVMFS5C468NL-HXY","NVMFS5C468NL-HXY",102.034962,-163.300000,90.000000,top
"Q9","NVMFS5C468NL-HXY","NVMFS5C468NL-HXY",101.864962,-103.175000,90.000000,top
"Q10","NVMFS5C468NL-HXY","NVMFS5C468NL-HXY",102.134962,-112.200000,90.000000,top
"Q11","NVMFS5C468NL-HXY","NVMFS5C468NL-HXY",101.864962,-128.600000,90.000000,top
"Q12","NVMFS5C468NL-HXY","NVMFS5C468NL-HXY",102.134962,-137.625000,90.000000,top
"R6","100r","R_0603_1608Metric_Pad0.98x0.95mm_HandSolder",52.750000,-162.500000,180.000000,top
"R7","100r","R_0603_1608Metric_Pad0.98x0.95mm_HandSolder",52.750000,-167.750000,0.000000,top
"R10","DNP","R_0603_1608Metric_Pad0.98x0.95mm_HandSolder",60.500000,-169.650000,0.000000,top
"R11","100r","R_0603_1608Metric_Pad0.98x0.95mm_HandSolder",52.750000,-153.500000,180.000000,top
"R12","10k","R_0603_1608Metric_Pad0.98x0.95mm_HandSolder",52.250000,-124.250000,180.000000,top
"R13","100r","R_0603_1608Metric_Pad0.98x0.95mm_HandSolder",52.750000,-158.750000,0.000000,top
"R15","100r","R_0603_1608Metric_Pad0.98x0.95mm_HandSolder",52.750000,-145.500000,180.000000,top
"R16","100r","R_0603_1608Metric_Pad0.98x0.95mm_HandSolder",52.750000,-150.250000,0.000000,top
"R18","100r","R_0603_1608Metric_Pad0.98x0.95mm_HandSolder",52.750000,-137.500000,180.000000,top
"R19","100r","R_0603_1608Metric_Pad0.98x0.95mm_HandSolder",52.750000,-142.000000,0.000000,top
"R23","10r","R_0603_1608Metric_Pad0.98x0.95mm_HandSolder",88.725000,-79.685000,0.000000,top
"R24","4r7","R_0603_1608Metric_Pad0.98x0.95mm_HandSolder",107.950000,-75.200000,180.000000,top
"R25","4r7","R_0603_1608Metric_Pad0.98x0.95mm_HandSolder",107.600000,-89.250000,-90.000000,top
"R26","10k","R_0603_1608Metric_Pad0.98x0.95mm_HandSolder",109.450000,-89.250000,-90.000000,top
"R27","1k","R_0603_1608Metric_Pad0.98x0.95mm_HandSolder",75.400000,-154.300000,0.000000,top
"R28","1k","R_0603_1608Metric_Pad0.98x0.95mm_HandSolder",77.700000,-160.850000,90.000000,top
"R29","1k","R_0603_1608Metric_Pad0.98x0.95mm_HandSolder",62.200000,-162.300000,90.000000,top
"R30","10k","R_0603_1608Metric_Pad0.98x0.95mm_HandSolder",106.549962,-78.750000,-90.000000,top
"R31","1k","R_0603_1608Metric_Pad0.98x0.95mm_HandSolder",61.550000,-154.600000,180.000000,top
"R32","500m","R_0805_2012Metric_Pad1.20x1.40mm_HandSolder",120.950000,-85.950000,0.000000,top
"R33","5m","R_1210_3225Metric_Pad1.30x2.65mm_HandSolder",123.375000,-80.750000,0.000000,top
"R35","10k","R_0603_1608Metric_Pad0.98x0.95mm_HandSolder",62.587500,-127.000000,0.000000,top
"R36","100r","R_0603_1608Metric_Pad0.98x0.95mm_HandSolder",83.450000,-85.000000,90.000000,top
"R37","100r","R_0603_1608Metric_Pad0.98x0.95mm_HandSolder",85.300000,-86.300000,90.000000,top
"R38","10k","R_0603_1608Metric_Pad0.98x0.95mm_HandSolder",62.587500,-129.000000,0.000000,top
"R39","10k","R_0603_1608Metric_Pad0.98x0.95mm_HandSolder",129.350000,-72.650000,0.000000,top
"R40","100r","R_0603_1608Metric_Pad0.98x0.95mm_HandSolder",83.300000,-159.750000,90.000000,top
"R41","100r","R_0603_1608Metric_Pad0.98x0.95mm_HandSolder",85.150000,-161.050000,90.000000,top
"R42","10r","R_0603_1608Metric_Pad0.98x0.95mm_HandSolder",88.575000,-154.435000,0.000000,top
"R43","4r7","R_0603_1608Metric_Pad0.98x0.95mm_HandSolder",106.399962,-149.500000,-90.000000,top
"R44","4r7","R_0603_1608Metric_Pad0.98x0.95mm_HandSolder",107.450000,-164.000000,-90.000000,top
"R45","10k","R_0603_1608Metric_Pad0.98x0.95mm_HandSolder",109.300000,-164.000000,-90.000000,top
"R46","10k","R_0603_1608Metric_Pad0.98x0.95mm_HandSolder",106.399962,-153.500000,-90.000000,top
"R47","500m","R_0805_2012Metric_Pad1.20x1.40mm_HandSolder",120.800000,-160.700000,0.000000,top
"R52","10k","R_0603_1608Metric_Pad0.98x0.95mm_HandSolder",133.550000,-149.200000,180.000000,top
"R55","5m","R_1210_3225Metric_Pad1.30x2.65mm_HandSolder",123.225000,-155.500000,0.000000,top
"R57","100r","R_0603_1608Metric_Pad0.98x0.95mm_HandSolder",83.400000,-108.650000,90.000000,top
"R58","100r","R_0603_1608Metric_Pad0.98x0.95mm_HandSolder",85.250000,-109.950000,90.000000,top
"R59","10r","R_0603_1608Metric_Pad0.98x0.95mm_HandSolder",88.675000,-103.335000,0.000000,top
"R60","4r7","R_0603_1608Metric_Pad0.98x0.95mm_HandSolder",106.499962,-98.400000,-90.000000,top
"R61","4r7","R_0603_1608Metric_Pad0.98x0.95mm_HandSolder",107.550000,-112.900000,-90.000000,top
"R62","10k","R_0603_1608Metric_Pad0.98x0.95mm_HandSolder",109.400000,-112.900000,-90.000000,top
"R63","10k","R_0603_1608Metric_Pad0.98x0.95mm_HandSolder",106.499962,-102.400000,-90.000000,top
"R64","500m","R_0805_2012Metric_Pad1.20x1.40mm_HandSolder",120.900000,-109.600000,0.000000,top
"R65","10k","R_0603_1608Metric_Pad0.98x0.95mm_HandSolder",133.650000,-98.100000,180.000000,top
"R66","5m","R_1210_3225Metric_Pad1.30x2.65mm_HandSolder",123.325000,-104.400000,0.000000,top
"R68","100r","R_0603_1608Metric_Pad0.98x0.95mm_HandSolder",83.400000,-134.075000,90.000000,top
"R69","100r","R_0603_1608Metric_Pad0.98x0.95mm_HandSolder",85.250000,-135.375000,90.000000,top
"R70","10r","R_0603_1608Metric_Pad0.98x0.95mm_HandSolder",88.675000,-128.760000,0.000000,top
"R71","4r7","R_0603_1608Metric_Pad0.98x0.95mm_HandSolder",106.499962,-123.825000,-90.000000,top
"R72","4r7","R_0603_1608Metric_Pad0.98x0.95mm_HandSolder",107.550000,-138.325000,-90.000000,top
"R73","10k","R_0603_1608Metric_Pad0.98x0.95mm_HandSolder",109.400000,-138.325000,-90.000000,top
"R74","10k","R_0603_1608Metric_Pad0.98x0.95mm_HandSolder",106.499962,-127.825000,-90.000000,top
"R75","500m","R_0805_2012Metric_Pad1.20x1.40mm_HandSolder",120.900000,-135.025000,0.000000,top
"R76","10k","R_0603_1608Metric_Pad0.98x0.95mm_HandSolder",133.650000,-123.525000,180.000000,top
"R77","5m","R_1210_3225Metric_Pad1.30x2.65mm_HandSolder",123.325000,-129.825000,0.000000,top
"R79","DNP","R_0603_1608Metric_Pad0.98x0.95mm_HandSolder",56.237500,-169.650000,0.000000,top
"R80","DNP","R_0603_1608Metric_Pad0.98x0.95mm_HandSolder",60.487500,-167.750000,0.000000,top
"R81","DNP","R_0603_1608Metric_Pad0.98x0.95mm_HandSolder",56.250000,-167.750000,0.000000,top
"R82","DNP","R_0603_1608Metric_Pad0.98x0.95mm_HandSolder",60.487500,-165.900000,0.000000,top
"R83","DNP","R_0603_1608Metric_Pad0.98x0.95mm_HandSolder",56.250000,-165.900000,0.000000,top
"R84","10k","R_0603_1608Metric_Pad0.98x0.95mm_HandSolder",61.550000,-152.900000,180.000000,top
"R85","10k","R_0603_1608Metric_Pad0.98x0.95mm_HandSolder",66.700000,-151.150000,0.000000,top
"R86","10k","R_0603_1608Metric_Pad0.98x0.95mm_HandSolder",61.550000,-151.150000,180.000000,top
"R87","10k","R_0603_1608Metric_Pad0.98x0.95mm_HandSolder",66.700000,-152.900000,0.000000,top
"SW1","SW_Push","SW_PUSH_6mm",49.250000,-133.500000,180.000000,top
"U1","TPS70933DBVR","SOT95P280X145-5N",57.500000,-125.900000,-90.000000,top
"U3","LM5109BMA","SOIC-8_3.9x4.9mm_P1.27mm",90.650000,-84.650000,0.000000,top
"U4","LM5109BMA","SOIC-8_3.9x4.9mm_P1.27mm",90.500000,-159.400000,0.000000,top
"U5","LM5109BMA","SOIC-8_3.9x4.9mm_P1.27mm",90.600000,-108.300000,0.000000,top
"U6","LM5109BMA","SOIC-8_3.9x4.9mm_P1.27mm",90.600000,-133.725000,0.000000,top
"U7","INA281A3","SOT-23-5",123.450000,-76.250000,0.000000,top
"U8","SN74HCS08PWR","TSSOP14_PW_TEX-M",68.350000,-167.250000,0.000000,top
"U9","SN74HCS02PWR","TSSOP14_PW_TEX-M",68.350000,-157.500000,0.000000,top
"U10","INA281A3","SOT-23-5",123.300000,-151.000000,0.000000,top
"U11","INA281A3","SOT-23-5",123.400000,-99.900000,0.000000,top
"U12","INA281A3","SOT-23-5",123.400000,-125.325000,0.000000,top
